filename,image_path,original_brisque,enhanced_brisque,iou
DSC_0012_JPG.rf.afd459bf3388ade5d3c4d36f3e7e92fb.jpg,data\train\images\DSC_0012_JPG.rf.afd459bf3388ade5d3c4d36f3e7e92fb.jpg,30.51290329780906,46.68894807222384,0.6319008395654014
DSC_0013_JPG.rf.88e38cb3ecca691b2169927673433e1a.jpg,data\train\images\DSC_0013_JPG.rf.88e38cb3ecca691b2169927673433e1a.jpg,42.760431773678846,22.80888591692539,0.8998430440777322
DSC_0013_JPG.rf.c92da2819ec2be14e17a3ec9d3959141.jpg,data\train\images\DSC_0013_JPG.rf.c92da2819ec2be14e17a3ec9d3959141.jpg,42.76043177367839,22.808885916919934,0.8998430440777322
DSC_0014_JPG.rf.10f7d1897c1216c61f1578ff42a5b267.jpg,data\train\images\DSC_0014_JPG.rf.10f7d1897c1216c61f1578ff42a5b267.jpg,39.84150101547013,27.129989348023372,0.8549841247535275
DSC_0014_JPG.rf.246b9f237c246d2929da4f2d91d7b136.jpg,data\train\images\DSC_0014_JPG.rf.246b9f237c246d2929da4f2d91d7b136.jpg,39.84150101546831,27.12998934802644,0.8549841247535275
DSC_0016_JPG.rf.af5a35a7521aba87081689da72a07fca.jpg,data\train\images\DSC_0016_JPG.rf.af5a35a7521aba87081689da72a07fca.jpg,53.746541458571954,50.522366438500484,0.8911575813545528
DSC_0017_JPG.rf.939f0b541b8e1f43484dcff9d42fb451.jpg,data\train\images\DSC_0017_JPG.rf.939f0b541b8e1f43484dcff9d42fb451.jpg,62.13995585174209,53.672157185030954,0.9591360865152959
DSC_0018_JPG.rf.185fb3ab7300479ac00d01e54a8c13da.jpg,data\train\images\DSC_0018_JPG.rf.185fb3ab7300479ac00d01e54a8c13da.jpg,54.102637774110434,50.31985772863274,0.9620833145552601
DSC_0019_JPG.rf.29fb0be7ef71f9725b21aa5eaf1df7f8.jpg,data\train\images\DSC_0019_JPG.rf.29fb0be7ef71f9725b21aa5eaf1df7f8.jpg,58.748951820506335,49.327877620843736,0.9620382173848334
DSC_0019_JPG.rf.a8a2d6195c4a60d687534d943f6915d4.jpg,data\train\images\DSC_0019_JPG.rf.a8a2d6195c4a60d687534d943f6915d4.jpg,58.74895182050952,49.32787762084715,0.9620382173848334
DSC_0020_JPG.rf.8f6f260fc3dd583b7deaa87a0fcab131.jpg,data\train\images\DSC_0020_JPG.rf.8f6f260fc3dd583b7deaa87a0fcab131.jpg,38.5708682035025,50.268196597173954,0.9504448829157515
DSC_0020_JPG.rf.e275ffd383a3eb66bb3240440bbc1372.jpg,data\train\images\DSC_0020_JPG.rf.e275ffd383a3eb66bb3240440bbc1372.jpg,38.57086820349625,50.2681965971685,0.9504448829157515
DSC_0021_JPG.rf.643d45b764fccc56c1aedd6432241a0e.jpg,data\train\images\DSC_0021_JPG.rf.643d45b764fccc56c1aedd6432241a0e.jpg,41.6030071340185,27.30277705464343,0.8484573995905723
DSC_0022_JPG.rf.98e09516a132010e510ca39cc334c67c.jpg,data\train\images\DSC_0022_JPG.rf.98e09516a132010e510ca39cc334c67c.jpg,46.416454618087045,41.627022446215705,0.8488412181574411
DSC_0023_JPG.rf.8c0728b65fae137a7dc0d52d8640b9b9.jpg,data\train\images\DSC_0023_JPG.rf.8c0728b65fae137a7dc0d52d8640b9b9.jpg,41.74264957847501,32.1665138878063,0.8584933743854934
DSC_0023_JPG.rf.fc994123c9eab13997ac0e58d8394656.jpg,data\train\images\DSC_0023_JPG.rf.fc994123c9eab13997ac0e58d8394656.jpg,41.74264957848092,32.16651388780403,0.8584933743854934
DSC_0024_JPG.rf.02519995d148ac947b54b78af217be0c.jpg,data\train\images\DSC_0024_JPG.rf.02519995d148ac947b54b78af217be0c.jpg,42.440373961554286,37.99677573136316,0.8159556663447488
DSC_0024_JPG.rf.bdde18fb3092647a6f7b0f3048766c49.jpg,data\train\images\DSC_0024_JPG.rf.bdde18fb3092647a6f7b0f3048766c49.jpg,42.4403739615652,37.99677573136225,0.8159556663447488
DSC_0025_JPG.rf.3f26838123cb7b38a23877ef19bf1670.jpg,data\train\images\DSC_0025_JPG.rf.3f26838123cb7b38a23877ef19bf1670.jpg,45.34901173264117,38.33952792074135,0.7974608467050318
DSC_0025_JPG.rf.54e273f66fd8b8c40257aa77db317b27.jpg,data\train\images\DSC_0025_JPG.rf.54e273f66fd8b8c40257aa77db317b27.jpg,45.34901173263799,38.33952792073771,0.7974608467050318
DSC_0026_JPG.rf.0c1965b3b9940870fe710cf13cfb3da2.jpg,data\train\images\DSC_0026_JPG.rf.0c1965b3b9940870fe710cf13cfb3da2.jpg,55.19311677832226,41.639959174889526,0.7837074665139793
DSC_0027_JPG.rf.a37a1a7fef0ea06e411f202866b02407.jpg,data\train\images\DSC_0027_JPG.rf.a37a1a7fef0ea06e411f202866b02407.jpg,41.71539038053717,27.0850909747721,0.7243116074091256
DSC_0027_JPG.rf.d16a4c52df5302ea894ab0397f318270.jpg,data\train\images\DSC_0027_JPG.rf.d16a4c52df5302ea894ab0397f318270.jpg,41.71539038054263,27.085090974767553,0.7243116074091256
DSC_0028_JPG.rf.923c13740e87469f32230bb490be26bd.jpg,data\train\images\DSC_0028_JPG.rf.923c13740e87469f32230bb490be26bd.jpg,40.41559513172862,24.1273044480715,0.3991428106039011
DSC_0029_JPG.rf.8682993246f8b4d90192056396ac010b.jpg,data\train\images\DSC_0029_JPG.rf.8682993246f8b4d90192056396ac010b.jpg,39.657431209503756,30.455967359769232,0.3286344795180319
DSC_0029_JPG.rf.ff831c933a4344d345941a0bc4b732fc.jpg,data\train\images\DSC_0029_JPG.rf.ff831c933a4344d345941a0bc4b732fc.jpg,39.657431209496025,30.45596735976298,0.3286344795180319
DSC_0030_JPG.rf.0e32dacc29aaa64c37d05031c1fe801d.jpg,data\train\images\DSC_0030_JPG.rf.0e32dacc29aaa64c37d05031c1fe801d.jpg,46.54886368954723,38.55033011960015,0.7728011558605743
DSC_0031_JPG.rf.144a4d5a9cef82f043e822bb8a9b57ed.jpg,data\train\images\DSC_0031_JPG.rf.144a4d5a9cef82f043e822bb8a9b57ed.jpg,59.48225056873966,44.02440668009942,0.806101428531335
DSC_0031_JPG.rf.44d4dcd31de4181bd083dfd8665f561b.jpg,data\train\images\DSC_0031_JPG.rf.44d4dcd31de4181bd083dfd8665f561b.jpg,59.48225056873204,44.02440668010851,0.806101428531335
DSC_0032_JPG.rf.cb50b87a8414c014c9de17d8582fd4e1.jpg,data\train\images\DSC_0032_JPG.rf.cb50b87a8414c014c9de17d8582fd4e1.jpg,52.57423147219262,39.442216543225044,0.9019206267130347
DSC_0033_JPG.rf.03e306d60ccea877a1abf0feb8d488cb.jpg,data\train\images\DSC_0033_JPG.rf.03e306d60ccea877a1abf0feb8d488cb.jpg,44.52755751478682,26.5947138434328,0.9517710749194085
DSC_0033_JPG.rf.1bf72c54c86203bdb79f849c4dfce7c3.jpg,data\train\images\DSC_0033_JPG.rf.1bf72c54c86203bdb79f849c4dfce7c3.jpg,44.527557514807285,26.5947138434328,0.9517710749194085
DSC_0036_JPG.rf.7d708ee3e72e476616ca828fa2266ec5.jpg,data\train\images\DSC_0036_JPG.rf.7d708ee3e72e476616ca828fa2266ec5.jpg,43.59693400192279,30.600236905143646,0.9206240146826984
DSC_0036_JPG.rf.c4c7cc77ed260a59fcc4df4c5246fad4.jpg,data\train\images\DSC_0036_JPG.rf.c4c7cc77ed260a59fcc4df4c5246fad4.jpg,43.596934001935296,30.60023690515456,0.9206240146826984
DSC_0037_JPG.rf.403d1e6c133c64863f288ca8abde7df9.jpg,data\train\images\DSC_0037_JPG.rf.403d1e6c133c64863f288ca8abde7df9.jpg,38.33745481015714,22.3141780932053,0.9120980065952953
DSC_0037_JPG.rf.71825b6d499f063e9cca826eb8f7b757.jpg,data\train\images\DSC_0037_JPG.rf.71825b6d499f063e9cca826eb8f7b757.jpg,38.33745481016078,22.31417809320621,0.9120980065952953
DSC_0038_JPG.rf.00cd15159b78236aab6c4fe6cfc22c22.jpg,data\train\images\DSC_0038_JPG.rf.00cd15159b78236aab6c4fe6cfc22c22.jpg,48.61521691795926,39.04110259740739,0.9098104892847619
DSC_0040_JPG.rf.400d5f61b917fe4ed9c6486353d641e6.jpg,data\train\images\DSC_0040_JPG.rf.400d5f61b917fe4ed9c6486353d641e6.jpg,60.30989626374705,39.1958319062571,0.8724872459989006
DSC_0041_JPG.rf.13a2c6ad3400025b632e65dde006caa1.jpg,data\train\images\DSC_0041_JPG.rf.13a2c6ad3400025b632e65dde006caa1.jpg,41.69848825267738,31.528414195790987,0.8633602666968019
DSC_0042_JPG.rf.121fc457bf4aea626f9896ea48d66f4b.jpg,data\train\images\DSC_0042_JPG.rf.121fc457bf4aea626f9896ea48d66f4b.jpg,40.873791220061065,23.695446746583883,0.8924384692929747
DSC_0042_JPG.rf.c7dc42e865390196d8394aabed79c24c.jpg,data\train\images\DSC_0042_JPG.rf.c7dc42e865390196d8394aabed79c24c.jpg,40.873791220046854,23.695446746589113,0.8924384692929747
DSC_0043_JPG.rf.5a27e5f08a5a8027b89e82f7677d8ad5.jpg,data\train\images\DSC_0043_JPG.rf.5a27e5f08a5a8027b89e82f7677d8ad5.jpg,72.17507885683946,48.0531229917261,0.8891068147319645
DSC_0043_JPG.rf.6f355d5f08ba937bb5925d2d118830c9.jpg,data\train\images\DSC_0043_JPG.rf.6f355d5f08ba937bb5925d2d118830c9.jpg,72.17507885684583,48.05312299172485,0.8891068147319645
DSC_0043_JPG.rf.74d95d9db6334edfe840f51783fdbfd9.jpg,data\train\images\DSC_0043_JPG.rf.74d95d9db6334edfe840f51783fdbfd9.jpg,72.17507885686129,48.05312299172485,0.8891068147319645
DSC_0043_JPG.rf.cf63d2396107cd249b11239df708df79.jpg,data\train\images\DSC_0043_JPG.rf.cf63d2396107cd249b11239df708df79.jpg,72.17507885684947,48.0531229917311,0.8891068147319645
DSC_0044_JPG.rf.397e0964f6e8dfdb0f1ffbef044ef26c.jpg,data\train\images\DSC_0044_JPG.rf.397e0964f6e8dfdb0f1ffbef044ef26c.jpg,74.58965946449868,47.37966423133591,0.9247963247788621
DSC_0044_JPG.rf.58086d1e23d2157ba159bd06a4ab4794.jpg,data\train\images\DSC_0044_JPG.rf.58086d1e23d2157ba159bd06a4ab4794.jpg,74.58965946449891,47.37966423133477,0.9247963247788621
DSC_0044_JPG.rf.5b47d0a90c73a5b0c34bd92da70e086f.jpg,data\train\images\DSC_0044_JPG.rf.5b47d0a90c73a5b0c34bd92da70e086f.jpg,74.58965946450255,47.37966423133011,0.9247963247788621
DSC_0045_JPG.rf.91a8f94416184d88f9067b6790e86d53.jpg,data\train\images\DSC_0045_JPG.rf.91a8f94416184d88f9067b6790e86d53.jpg,50.85527501602664,35.994842793494826,0.9290886124729709
DSC_0045_JPG.rf.e00747ca8e586a96ac7955c37f16ee3f.jpg,data\train\images\DSC_0045_JPG.rf.e00747ca8e586a96ac7955c37f16ee3f.jpg,50.85527501602948,35.994842793493916,0.9290886124729709
DSC_0046_JPG.rf.bd265113c1b32c12d79ec188ba57dd60.jpg,data\train\images\DSC_0046_JPG.rf.bd265113c1b32c12d79ec188ba57dd60.jpg,60.34568820135061,47.581835264004184,0.9274792055069554
DSC_0046_JPG.rf.e47783c4d40f8e90d5803a860afa411d.jpg,data\train\images\DSC_0046_JPG.rf.e47783c4d40f8e90d5803a860afa411d.jpg,60.34568820134254,47.581835264000546,0.9274792055069554
DSC_0047_JPG.rf.26db6b72563d8047ddb872950b314361.jpg,data\train\images\DSC_0047_JPG.rf.26db6b72563d8047ddb872950b314361.jpg,85.33471978774352,63.27543971414181,0.9286674244211399
DSC_0048_JPG.rf.79c53c0d1bfea751c5c225e82845fcf7.jpg,data\train\images\DSC_0048_JPG.rf.79c53c0d1bfea751c5c225e82845fcf7.jpg,49.295896618121986,54.12299467743034,0.9270202028737633
DSC_0048_JPG.rf.a6502fb0d8efa09a07ba2c5875729f91.jpg,data\train\images\DSC_0048_JPG.rf.a6502fb0d8efa09a07ba2c5875729f91.jpg,49.29589661811471,54.12299467742534,0.9270202028737633
DSC_0049_JPG.rf.dd0c611c67eb4087f69c0033672e3a5f.jpg,data\train\images\DSC_0049_JPG.rf.dd0c611c67eb4087f69c0033672e3a5f.jpg,58.52204263550695,54.95848761176816,0.922958581163801
DSC_0050_JPG.rf.1914e8aaba6e5637f9d948adcfb7c487.jpg,data\train\images\DSC_0050_JPG.rf.1914e8aaba6e5637f9d948adcfb7c487.jpg,75.20016300823383,58.52090344389282,0.9521062193320543
DSC_0050_JPG.rf.cf3a274d371fe9678874ce0cd0baf753.jpg,data\train\images\DSC_0050_JPG.rf.cf3a274d371fe9678874ce0cd0baf753.jpg,75.20016300823929,58.520903443881906,0.9521062193320543
DSC_0051_JPG.rf.3ed792e1edc127a67711956eef926611.jpg,data\train\images\DSC_0051_JPG.rf.3ed792e1edc127a67711956eef926611.jpg,67.0065396780735,41.25381279668065,0.9233376279663115
DSC_0052_JPG.rf.a56bcd8aa249516ad60b59973168a2d3.jpg,data\train\images\DSC_0052_JPG.rf.a56bcd8aa249516ad60b59973168a2d3.jpg,36.671556589481696,11.785044384184147,0.6658520547945206
DSC_0052_JPG.rf.f55251a518f60895d52a12d71a73aace.jpg,data\train\images\DSC_0052_JPG.rf.f55251a518f60895d52a12d71a73aace.jpg,36.671556589475784,11.785044384190513,0.6658520547945206
DSC_0053_JPG.rf.13a7927718bf8625d099ae4d92b0b5fe.jpg,data\train\images\DSC_0053_JPG.rf.13a7927718bf8625d099ae4d92b0b5fe.jpg,38.32342463354573,14.198904309215067,0.753281970298767
DSC_0053_JPG.rf.eaf8cea2f4d3093b634af305868367c5.jpg,data\train\images\DSC_0053_JPG.rf.eaf8cea2f4d3093b634af305868367c5.jpg,38.32342463354482,14.19890430920779,0.753281970298767
DSC_0054_JPG.rf.c7c5fc47ef427873969cc40fcecf4412.jpg,data\train\images\DSC_0054_JPG.rf.c7c5fc47ef427873969cc40fcecf4412.jpg,36.2512902448436,9.219931100925095,0.4349315068493151
DSC_0055_JPG.rf.3c77f5ba8f9544e860f1bd6da3a85f19.jpg,data\train\images\DSC_0055_JPG.rf.3c77f5ba8f9544e860f1bd6da3a85f19.jpg,20.091250499758388,55.55333794844111,0.8710605777711964
DSC_0056_JPG.rf.207542607608410fcb3c21598430b2ae.jpg,data\train\images\DSC_0056_JPG.rf.207542607608410fcb3c21598430b2ae.jpg,21.454648920991048,53.72889983248862,0.893648099433989
DSC_0057_JPG.rf.269225c242f33f0a131cad4031bbe3d9.jpg,data\train\images\DSC_0057_JPG.rf.269225c242f33f0a131cad4031bbe3d9.jpg,24.03005522659234,55.521094046076286,0.8654983220582751
DSC_0058_JPG.rf.8111f822ddb59fe5b334a7f156bd0123.jpg,data\train\images\DSC_0058_JPG.rf.8111f822ddb59fe5b334a7f156bd0123.jpg,26.45041877947253,53.24771169102698,0.8749088788453128
DSC_0058_JPG.rf.ef8742569176d9f2518eb8b03c0e81de.jpg,data\train\images\DSC_0058_JPG.rf.ef8742569176d9f2518eb8b03c0e81de.jpg,26.450418779489922,53.24771169102357,0.8749088788453128
DSC_0059_JPG.rf.9b9367d68aca06f0950991c3d9bb8010.jpg,data\train\images\DSC_0059_JPG.rf.9b9367d68aca06f0950991c3d9bb8010.jpg,25.190918909995816,54.42057001667919,0.8360016380335797
DSC_0059_JPG.rf.a1738d2c2a7cedcf7dc8dd21ff9bef96.jpg,data\train\images\DSC_0059_JPG.rf.a1738d2c2a7cedcf7dc8dd21ff9bef96.jpg,25.190918909993997,54.42057001668056,0.8360016380335797
DSC_0061_JPG.rf.f6ab10c61b464fea26e05d5fdb27e62e.jpg,data\train\images\DSC_0061_JPG.rf.f6ab10c61b464fea26e05d5fdb27e62e.jpg,32.62424201261179,14.017979694041259,0.9161318183258851
DSC_0062_JPG.rf.25b90106b4379bfe7cf31d0384f8d1a7.jpg,data\train\images\DSC_0062_JPG.rf.25b90106b4379bfe7cf31d0384f8d1a7.jpg,58.06760874674066,48.344673603358586,0.8864282893268235
DSC_0062_JPG.rf.ca675d29bc4039f3a8d4a2db64c7cc8b.jpg,data\train\images\DSC_0062_JPG.rf.ca675d29bc4039f3a8d4a2db64c7cc8b.jpg,58.06760874673702,48.344673603353584,0.8864282893268235
DSC_0063_JPG.rf.4888ac11e1f6a1ad76580d69208d9b6f.jpg,data\train\images\DSC_0063_JPG.rf.4888ac11e1f6a1ad76580d69208d9b6f.jpg,27.609316457080894,57.07954650644817,0.7739479355716878
DSC_0063_JPG.rf.f1c9f622ee0f5240937f502104e1b267.jpg,data\train\images\DSC_0063_JPG.rf.f1c9f622ee0f5240937f502104e1b267.jpg,27.609316457074527,57.07954650643873,0.7739479355716878
DSC_0064_JPG.rf.7b2cffe29432cf7e0df4fbb4eaff8248.jpg,data\train\images\DSC_0064_JPG.rf.7b2cffe29432cf7e0df4fbb4eaff8248.jpg,35.27136752937142,19.502343423115434,0.8387444211830122
DSC_0064_JPG.rf.99545c79745bea23ffd91174184cb720.jpg,data\train\images\DSC_0064_JPG.rf.99545c79745bea23ffd91174184cb720.jpg,35.27136752939654,19.502343423112706,0.8387444211830122
DSC_0065_JPG.rf.a1c60278f94fc1a88fe080e6595ae6db.jpg,data\train\images\DSC_0065_JPG.rf.a1c60278f94fc1a88fe080e6595ae6db.jpg,41.93946287133733,17.258704290395343,0.8428675997604419
DSC_0068_JPG.rf.94ed2fa1ba4c9d082f7ffe67979c6687.jpg,data\train\images\DSC_0068_JPG.rf.94ed2fa1ba4c9d082f7ffe67979c6687.jpg,37.201165282462824,53.17461080896712,0.7507821428983734
DSC_0068_JPG.rf.e03aa6c1bd7d27fa5376e813ac9535fd.jpg,data\train\images\DSC_0068_JPG.rf.e03aa6c1bd7d27fa5376e813ac9535fd.jpg,37.20116528246646,53.174610808962115,0.7507821428983734
DSC_0069_JPG.rf.5ef059a9d0dbb64b2b1a2f76f9fbd7a6.jpg,data\train\images\DSC_0069_JPG.rf.5ef059a9d0dbb64b2b1a2f76f9fbd7a6.jpg,48.27731058344645,48.813540607473186,0.9387777510894555
DSC_0070_JPG.rf.58186e602bea87ce4fd7587a54984de0.jpg,data\train\images\DSC_0070_JPG.rf.58186e602bea87ce4fd7587a54984de0.jpg,43.18481921702798,48.70703258142086,0.9314488139974628
DSC_0071_JPG.rf.31382898f36a4f019f5c17f9d8d1112c.jpg,data\train\images\DSC_0071_JPG.rf.31382898f36a4f019f5c17f9d8d1112c.jpg,29.817049408621386,14.525964573657546,0.9672092483333763
DSC_0072_JPG.rf.ab73e9507bf64551de62deaa57be1f79.jpg,data\train\images\DSC_0072_JPG.rf.ab73e9507bf64551de62deaa57be1f79.jpg,52.56968686449429,39.978639370227,0.8691843660225322
DSC_0073_JPG.rf.dc7e668754fed14dc4e51a6fffaeac65.jpg,data\train\images\DSC_0073_JPG.rf.dc7e668754fed14dc4e51a6fffaeac65.jpg,48.50112745490148,38.41623823363577,0.880305410122164
DSC_0074_JPG.rf.8f4c4250ba3b1ea36490c35a6e372397.jpg,data\train\images\DSC_0074_JPG.rf.8f4c4250ba3b1ea36490c35a6e372397.jpg,50.59700326557842,40.838034279585116,0.888246585715921
DSC_0075_JPG.rf.f3a74afb1542cefe8021b2bc5a8e11fd.jpg,data\train\images\DSC_0075_JPG.rf.f3a74afb1542cefe8021b2bc5a8e11fd.jpg,48.3584970159246,40.22806147618459,0.8730143806491591
DSC_0077_JPG.rf.a4262fe5b0391d395c2addc2e96dd1ad.jpg,data\train\images\DSC_0077_JPG.rf.a4262fe5b0391d395c2addc2e96dd1ad.jpg,56.7071340864056,38.14474757712807,0.7304460359452238
DSC_0080_JPG.rf.d1a0f25399d233d142b2e4b7f9c37d37.jpg,data\train\images\DSC_0080_JPG.rf.d1a0f25399d233d142b2e4b7f9c37d37.jpg,58.18184747416555,43.803513164236136,0.22253962140340366
DSC_0081_JPG.rf.7682c0b452ab355cafd4460c3e24f52a.jpg,data\train\images\DSC_0081_JPG.rf.7682c0b452ab355cafd4460c3e24f52a.jpg,60.24877985780651,44.03139086493749,0.1850700022077912
DSC_0083_JPG.rf.dd7272e1fd85226831cd6fe26b75265d.jpg,data\train\images\DSC_0083_JPG.rf.dd7272e1fd85226831cd6fe26b75265d.jpg,64.74676050778064,45.99141881899354,0.7668662674650698
DSC_0085_JPG.rf.f4b7b3080cd578018720ef9ba919e66a.jpg,data\train\images\DSC_0085_JPG.rf.f4b7b3080cd578018720ef9ba919e66a.jpg,57.59320642872942,43.025278120666115,0.6394673401446447
DSC_0088_JPG.rf.764546fa503d358a22b32973046998de.jpg,data\train\images\DSC_0088_JPG.rf.764546fa503d358a22b32973046998de.jpg,40.998416880378244,38.413732659759916,0.8729776039893238
DSC_0089_JPG.rf.9376870dcca4139fa5183218572ad6ed.jpg,data\train\images\DSC_0089_JPG.rf.9376870dcca4139fa5183218572ad6ed.jpg,39.98197781424162,23.708813966557017,0.930735651740524
DSC_0090_JPG.rf.a772e70f539578ac5d122a637d3f2efa.jpg,data\train\images\DSC_0090_JPG.rf.a772e70f539578ac5d122a637d3f2efa.jpg,28.755676600678925,32.269682386788844,0.8925767878077374
DSC_0091_JPG.rf.a7bd2ab031daf1cf960adbeb68710215.jpg,data\train\images\DSC_0091_JPG.rf.a7bd2ab031daf1cf960adbeb68710215.jpg,43.13429827100592,37.446602781674954,0.9242755155344394
DSC_0092_JPG.rf.13bad9371e73653978fcd9e49084cefe.jpg,data\train\images\DSC_0092_JPG.rf.13bad9371e73653978fcd9e49084cefe.jpg,70.4827775160422,45.539497227825194,0.9255392005103524
DSC_0094_JPG.rf.101ddf37b23488e36f78430b4f6d5d86.jpg,data\train\images\DSC_0094_JPG.rf.101ddf37b23488e36f78430b4f6d5d86.jpg,58.96598181310557,36.262368175445516,0.9326368719927175
DSC_0095_JPG.rf.e27bc0f05df2c684e5cb6ccfab62400a.jpg,data\train\images\DSC_0095_JPG.rf.e27bc0f05df2c684e5cb6ccfab62400a.jpg,36.683013190557034,19.24229198836676,0.9210826704330948
DSC_0097_JPG.rf.d846da4c873175fc68b6c775e6ce23a8.jpg,data\train\images\DSC_0097_JPG.rf.d846da4c873175fc68b6c775e6ce23a8.jpg,32.04908899646918,17.45601098204017,0.8215285773809257
DSC_0098_JPG.rf.7b9e176dfdab84fdb926b758747e79f8.jpg,data\train\images\DSC_0098_JPG.rf.7b9e176dfdab84fdb926b758747e79f8.jpg,35.6866531995631,31.118189829260444,0.8616899370419137
DSC_0099_JPG.rf.4583ddf1fe1a9f87705da1c9a41841e0.jpg,data\train\images\DSC_0099_JPG.rf.4583ddf1fe1a9f87705da1c9a41841e0.jpg,44.557931878603284,28.530632272940892,0.8659877357007221
DSC_0100_JPG.rf.077e7d3a94a5f421c3276e1d07b3e2c5.jpg,data\train\images\DSC_0100_JPG.rf.077e7d3a94a5f421c3276e1d07b3e2c5.jpg,72.19424025962141,43.12787640104327,0.9026873592298911
DSC_0102_JPG.rf.dfef6cfad564a2029c4505a56f1893d6.jpg,data\train\images\DSC_0102_JPG.rf.dfef6cfad564a2029c4505a56f1893d6.jpg,47.90016890777244,31.95370426655674,0.9364416879921924
DSC_0104_JPG.rf.1422ac8b84688880ae7bfc51550331ce.jpg,data\train\images\DSC_0104_JPG.rf.1422ac8b84688880ae7bfc51550331ce.jpg,45.303213929081465,43.365966902969234,0.9148169183325745
DSC_0105_JPG.rf.c8121df0fa0ffb694b80697065fac0df.jpg,data\train\images\DSC_0105_JPG.rf.c8121df0fa0ffb694b80697065fac0df.jpg,57.60386409992199,46.07733272340849,0.8674322672642086
DSC_0108_JPG.rf.b960fa38212edb262d63251722a61db7.jpg,data\train\images\DSC_0108_JPG.rf.b960fa38212edb262d63251722a61db7.jpg,50.3298345879069,41.90686011254522,0.8788902136056899
DSC_0109_JPG.rf.371afd3674d2f5213ea09face3113ffb.jpg,data\train\images\DSC_0109_JPG.rf.371afd3674d2f5213ea09face3113ffb.jpg,53.27447664251005,43.44091316724004,0.9051876549948384
DSC_0110_JPG.rf.d3d8a5733d8466cd96e7459fa689650e.jpg,data\train\images\DSC_0110_JPG.rf.d3d8a5733d8466cd96e7459fa689650e.jpg,45.10890700302818,32.82559168144209,0.8785352677054078
DSC_0111_JPG.rf.292524fb1e5642d092257004f5e772d6.jpg,data\train\images\DSC_0111_JPG.rf.292524fb1e5642d092257004f5e772d6.jpg,46.81227616507269,29.95511079868649,0.8625626751568071
DSC_0112_JPG.rf.bb51e54534ebd2d91cff004162de1163.jpg,data\train\images\DSC_0112_JPG.rf.bb51e54534ebd2d91cff004162de1163.jpg,52.75622816209463,37.85961603312964,0.9121261519970347
DSC_0113_JPG.rf.d852cb573ac4d91195caa4a376987909.jpg,data\train\images\DSC_0113_JPG.rf.d852cb573ac4d91195caa4a376987909.jpg,37.43904810857268,16.341938195021356,0.8645002838595018
DSC_0114_JPG.rf.7334e59a7ddfc62d4ebcd3a67721e366.jpg,data\train\images\DSC_0114_JPG.rf.7334e59a7ddfc62d4ebcd3a67721e366.jpg,31.368698549567597,30.45824164753023,0.1030294008859058
DSC_0115_JPG.rf.823a36e83eb05a8cd79a2752affb1c11.jpg,data\train\images\DSC_0115_JPG.rf.823a36e83eb05a8cd79a2752affb1c11.jpg,38.4938750704184,55.63486948187685,0.15912593778026002
DSC_0116_JPG.rf.926985e31ed6de6f8e74dc10d5aa4c3d.jpg,data\train\images\DSC_0116_JPG.rf.926985e31ed6de6f8e74dc10d5aa4c3d.jpg,37.73701568725548,17.31281264189576,0.7043137254901961
DSC_0117_JPG.rf.a393eef50d1be8560024f44ef791e079.jpg,data\train\images\DSC_0117_JPG.rf.a393eef50d1be8560024f44ef791e079.jpg,33.02769708902608,53.38621769398512,0.5114803218530115
DSC_0120_JPG.rf.181e1174571656dddf7750ff12544d55.jpg,data\train\images\DSC_0120_JPG.rf.181e1174571656dddf7750ff12544d55.jpg,36.046568908564694,18.511109770239017,0.8658552490256851
DSC_0121_JPG.rf.2b7cf9059c9ca4f7c1ace03a68bb8975.jpg,data\train\images\DSC_0121_JPG.rf.2b7cf9059c9ca4f7c1ace03a68bb8975.jpg,37.819208440148685,21.849144695477406,0.13105351139393112
DSC_0122_JPG.rf.1a3722467faf5f39222b25d705446b81.jpg,data\train\images\DSC_0122_JPG.rf.1a3722467faf5f39222b25d705446b81.jpg,37.989330684231135,18.612553355601193,0.7078544061302682
DSC_0123_JPG.rf.15ebb5ae35134e4a2566dffe0bde0753.jpg,data\train\images\DSC_0123_JPG.rf.15ebb5ae35134e4a2566dffe0bde0753.jpg,50.52637226870442,41.26430620735047,0.8682330631753948
DSC_0125_JPG.rf.d92068b31dc05661931191a81b18bea4.jpg,data\train\images\DSC_0125_JPG.rf.d92068b31dc05661931191a81b18bea4.jpg,37.25774050137235,37.747591769062836,0.9162649551460393
DSC_0126_JPG.rf.b84332df9e6422074bcf8d7ee7228710.jpg,data\train\images\DSC_0126_JPG.rf.b84332df9e6422074bcf8d7ee7228710.jpg,39.181228872049104,24.986644863746477,0.8965622080829089
DSC_0127_JPG.rf.fe1c6d0afddc56cd6942872d15e51504.jpg,data\train\images\DSC_0127_JPG.rf.fe1c6d0afddc56cd6942872d15e51504.jpg,38.99364591331661,26.7413503498515,0.2171883959479262
DSC_0128_JPG.rf.c52efdbacc9a7e4f1c85bc6428b155b6.jpg,data\train\images\DSC_0128_JPG.rf.c52efdbacc9a7e4f1c85bc6428b155b6.jpg,46.83962740027411,28.420503395942177,0.8692197817941849
DSC_0129_JPG.rf.efe788a757f777165472f7c2c337a57c.jpg,data\train\images\DSC_0129_JPG.rf.efe788a757f777165472f7c2c337a57c.jpg,32.15072047546775,13.938287787631197,0.7759449079320476
DSC_0131_JPG.rf.548a98b7953ceeb48846d47bd179e5db.jpg,data\train\images\DSC_0131_JPG.rf.548a98b7953ceeb48846d47bd179e5db.jpg,38.58410301420528,12.470714431652794,0.8789423055741172
DSC_0133_JPG.rf.77848d7055d95d1263648ed11ee13554.jpg,data\train\images\DSC_0133_JPG.rf.77848d7055d95d1263648ed11ee13554.jpg,31.800847978162636,61.20905767966789,0.8797641419603813
DSC_0136_JPG.rf.a8090fc27d5e0b4fe46991a454941085.jpg,data\train\images\DSC_0136_JPG.rf.a8090fc27d5e0b4fe46991a454941085.jpg,36.90557454407892,18.349485404431306,0.9187256598874946
DSC_0137_JPG.rf.5ce5138c90648cee55bc6577f5ef454d.jpg,data\train\images\DSC_0137_JPG.rf.5ce5138c90648cee55bc6577f5ef454d.jpg,47.79437443335311,39.17615517084161,0.5000491789769178
DSC_0138_JPG.rf.69dadf62a44589e6ec16bee02eb704a6.jpg,data\train\images\DSC_0138_JPG.rf.69dadf62a44589e6ec16bee02eb704a6.jpg,62.48236772650475,41.341007754469246,0.724237489547115
DSC_0140_JPG.rf.24eeee0531df63b5820cdd2e2dc7bf6f.jpg,data\train\images\DSC_0140_JPG.rf.24eeee0531df63b5820cdd2e2dc7bf6f.jpg,55.77319565760601,38.98952911892613,0.9141402214022141
DSC_0141_JPG.rf.6c06667108a3b12fed1bb0a8e204f1e8.jpg,data\train\images\DSC_0141_JPG.rf.6c06667108a3b12fed1bb0a8e204f1e8.jpg,46.27984230024842,33.075287958836924,0.8957124832956318
DSC_0142_JPG.rf.8451ab95a7e0ad48de3c9d42abd06cba.jpg,data\train\images\DSC_0142_JPG.rf.8451ab95a7e0ad48de3c9d42abd06cba.jpg,49.70116370499247,41.82193758623245,0.9005097768898547
DSC_0145_JPG.rf.8a28744c35d378bb287ccb7cdd0ae79c.jpg,data\train\images\DSC_0145_JPG.rf.8a28744c35d378bb287ccb7cdd0ae79c.jpg,45.465280841906605,31.916971992519137,0.7900299831187483
DSC_0146_JPG.rf.d65f181625a8666b0f501e13cf620aa6.jpg,data\train\images\DSC_0146_JPG.rf.d65f181625a8666b0f501e13cf620aa6.jpg,43.18719584940365,26.420766712077892,0.7871735250712153
DSC_0147_JPG.rf.60f8e2f9b378cb64156a3e36477ef422.jpg,data\train\images\DSC_0147_JPG.rf.60f8e2f9b378cb64156a3e36477ef422.jpg,54.790421611695564,45.49388923099943,0.9089933164802438
DSC_0148_JPG.rf.59474d9af57d49888e5d2299172686a9.jpg,data\train\images\DSC_0148_JPG.rf.59474d9af57d49888e5d2299172686a9.jpg,39.8270013981016,28.159061544346258,0.8901984071221675
DSC_0149_JPG.rf.89c78ab0d5eaf4b5babaf869d5aac7b4.jpg,data\train\images\DSC_0149_JPG.rf.89c78ab0d5eaf4b5babaf869d5aac7b4.jpg,43.24064756345226,26.019202637337656,0.8551415905842944
DSC_0150_JPG.rf.69a58d43ca80f3f4082732344925395f.jpg,data\train\images\DSC_0150_JPG.rf.69a58d43ca80f3f4082732344925395f.jpg,60.09381745760831,46.6699003622941,0.8802210560921511
DSC_0151_JPG.rf.c32fa813672b9509d5fbef2d27e72d66.jpg,data\train\images\DSC_0151_JPG.rf.c32fa813672b9509d5fbef2d27e72d66.jpg,42.73238664160428,29.28387766750231,0.8866649832137667
DSC_0152_JPG.rf.67d1ea179125674c77d111da26e696ba.jpg,data\train\images\DSC_0152_JPG.rf.67d1ea179125674c77d111da26e696ba.jpg,42.704372598126355,38.85095930328836,0.9029629984620814
DSC_0153_JPG.rf.370a3fe1c491b7de7d26ca38aa2e623f.jpg,data\train\images\DSC_0153_JPG.rf.370a3fe1c491b7de7d26ca38aa2e623f.jpg,36.178531614312504,27.148936529951897,0.8983018023445972
DSC_0157_JPG.rf.5a59097606e840fb63078b9bb22d36ea.jpg,data\train\images\DSC_0157_JPG.rf.5a59097606e840fb63078b9bb22d36ea.jpg,53.16855624969841,41.93607870054231,0.8522910958757273
DSC_0158_JPG.rf.22c1a24a2f5fb24078bb35301df1662d.jpg,data\train\images\DSC_0158_JPG.rf.22c1a24a2f5fb24078bb35301df1662d.jpg,58.30937506059283,48.264287149134105,0.8850021219646451
DSC_0159_JPG.rf.c4ac2680136558a5ed2ad97e2c2f1a9b.jpg,data\train\images\DSC_0159_JPG.rf.c4ac2680136558a5ed2ad97e2c2f1a9b.jpg,30.258864135656694,21.47887290526407,0.825315039453539
DSC_0161_JPG.rf.45c43a479ac13737a5299e850c9bf440.jpg,data\train\images\DSC_0161_JPG.rf.45c43a479ac13737a5299e850c9bf440.jpg,37.25197386044576,19.306282401869538,0.6855027279812939
DSC_0162_JPG.rf.f1bb72bcac8b03077e625fda8bdb236e.jpg,data\train\images\DSC_0162_JPG.rf.f1bb72bcac8b03077e625fda8bdb236e.jpg,37.99289133705744,21.5127765107288,0.7710664267271732
DSC_0163_JPG.rf.39497a8b5517c8a29111cf3569d7d009.jpg,data\train\images\DSC_0163_JPG.rf.39497a8b5517c8a29111cf3569d7d009.jpg,38.57376021284719,17.01386209817312,0.7185386438522458
DSC_0164_JPG.rf.070ef0344837bb512e167fae44f80c14.jpg,data\train\images\DSC_0164_JPG.rf.070ef0344837bb512e167fae44f80c14.jpg,33.112743207939246,70.46669882578473,0.6947483662106161
DSC_0165_JPG.rf.e7b10cae74689a7c976c19a177faf907.jpg,data\train\images\DSC_0165_JPG.rf.e7b10cae74689a7c976c19a177faf907.jpg,37.90076190654756,16.978923266295823,0.6569281749298213
DSC_0166_JPG.rf.c6dff1ccf0d21559b81849feaa39e986.jpg,data\train\images\DSC_0166_JPG.rf.c6dff1ccf0d21559b81849feaa39e986.jpg,35.925481928925336,17.28768245175408,0.6161277201545657
DSC_0167_JPG.rf.9c1bf98a2e454554abbf0e232e55deae.jpg,data\train\images\DSC_0167_JPG.rf.9c1bf98a2e454554abbf0e232e55deae.jpg,43.88613881619469,31.316596122959453,0.9540292351211627
DSC_0168_JPG.rf.285c9573c44655cc2831e71417e67c57.jpg,data\train\images\DSC_0168_JPG.rf.285c9573c44655cc2831e71417e67c57.jpg,41.89451336953809,29.5221196241325,0.8784650048395031
DSC_0169_JPG.rf.a0cb151e5e043e264ca7a80d8ab90c29.jpg,data\train\images\DSC_0169_JPG.rf.a0cb151e5e043e264ca7a80d8ab90c29.jpg,53.278402397426106,38.21866060225577,0.9361789220081554
DSC_0170_JPG.rf.39f95afa4611206ad5d6844d47927437.jpg,data\train\images\DSC_0170_JPG.rf.39f95afa4611206ad5d6844d47927437.jpg,45.14028059287713,34.91210568312883,0.9381506429883649
DSC_0171_JPG.rf.99aa37eaf05a16b8a51ffcd704c70295.jpg,data\train\images\DSC_0171_JPG.rf.99aa37eaf05a16b8a51ffcd704c70295.jpg,41.124546207439124,28.56875706727098,0.9348826377224803
DSC_0197_JPG.rf.a608ab78a6c75e6143431cb735d809a2.jpg,data\train\images\DSC_0197_JPG.rf.a608ab78a6c75e6143431cb735d809a2.jpg,33.66184956222034,47.85600597156164,0.7817229840364065
DSC_0198_JPG.rf.8326eb20e7b7d36bf80c40123e6f3aea.jpg,data\train\images\DSC_0198_JPG.rf.8326eb20e7b7d36bf80c40123e6f3aea.jpg,41.032067746259344,56.32436232572351,0.8816357880449138
DSC_0199_JPG.rf.a1a35e58dc1ca71ced33159b8f3c70f1.jpg,data\train\images\DSC_0199_JPG.rf.a1a35e58dc1ca71ced33159b8f3c70f1.jpg,45.93608869142528,30.552361352599036,0.9121133833932926
DSC_0200_JPG.rf.6e884628964fd8b45820065fee1d50fd.jpg,data\train\images\DSC_0200_JPG.rf.6e884628964fd8b45820065fee1d50fd.jpg,29.09701218742768,64.93828693219595,0.6708723732375835
DSC_0201_JPG.rf.05c1a1aa4ef5e24002b3b85371a8368e.jpg,data\train\images\DSC_0201_JPG.rf.05c1a1aa4ef5e24002b3b85371a8368e.jpg,38.7263575032691,59.83328745601361,0.5452570120585845
DSC_0203_JPG.rf.78aa9fd9cc7dbbe3b62f86af121b575c.jpg,data\train\images\DSC_0203_JPG.rf.78aa9fd9cc7dbbe3b62f86af121b575c.jpg,28.204758585067992,78.14032631693382,0.7595376720390452
DSC_0204_JPG.rf.8aef2795e138970971202265fc200504.jpg,data\train\images\DSC_0204_JPG.rf.8aef2795e138970971202265fc200504.jpg,32.07540407955159,54.031236055261814,0.660741748767325
DSC_0206_JPG.rf.3702ba95c3e0c1d5acc411f33af2ac36.jpg,data\train\images\DSC_0206_JPG.rf.3702ba95c3e0c1d5acc411f33af2ac36.jpg,29.79344936258164,73.43912420670651,0.7682948340696435
DSC_0208_JPG.rf.bbb7215521c19fe6f0117b2c2b2c91ec.jpg,data\train\images\DSC_0208_JPG.rf.bbb7215521c19fe6f0117b2c2b2c91ec.jpg,31.841892342383943,59.54474826271209,0.3149920888933843
DSC_0212_JPG.rf.2cb1d51be0147d4b25fc5a86ece1acc4.jpg,data\train\images\DSC_0212_JPG.rf.2cb1d51be0147d4b25fc5a86ece1acc4.jpg,36.649721828823516,56.60534032351765,0.8540906129049985
DSC_0213_JPG.rf.d32f9278c2f2e6230dc9b98987196014.jpg,data\train\images\DSC_0213_JPG.rf.d32f9278c2f2e6230dc9b98987196014.jpg,43.172665939037614,31.855888289477406,0.8906312028582771
DSC_0216_JPG.rf.601829357a3aa239aeca55564a433f93.jpg,data\train\images\DSC_0216_JPG.rf.601829357a3aa239aeca55564a433f93.jpg,48.76421799859119,39.73640716955012,0.9482590969390945
DSC_0217_JPG.rf.c4ecd4a7065ee40cd39ca30d2435b710.jpg,data\train\images\DSC_0217_JPG.rf.c4ecd4a7065ee40cd39ca30d2435b710.jpg,49.590772700254746,30.77227546627975,0.8348118737385805
DSC_0218_JPG.rf.a6568b84e15c7e09d7bc9cf2e269151c.jpg,data\train\images\DSC_0218_JPG.rf.a6568b84e15c7e09d7bc9cf2e269151c.jpg,38.16157820448254,84.21815883188376,0.6431422412658047
DSC_0220_JPG.rf.7f9c83530a8078f6e543c8ea61f2e436.jpg,data\train\images\DSC_0220_JPG.rf.7f9c83530a8078f6e543c8ea61f2e436.jpg,67.15808653576343,65.39762385526089,0.8631890321532597
DSC_0221_JPG.rf.4e32a86774964dabbab21145bad67031.jpg,data\train\images\DSC_0221_JPG.rf.4e32a86774964dabbab21145bad67031.jpg,37.722604162992155,64.90442674772473,0.8163918385097669
DSC_0223_JPG.rf.375636013ae935ea51190e93998658b4.jpg,data\train\images\DSC_0223_JPG.rf.375636013ae935ea51190e93998658b4.jpg,40.893890226795264,16.299260838451772,0.9621719946300361
DSC_0224_JPG.rf.b70f185e85e8da621ec29b57e111b447.jpg,data\train\images\DSC_0224_JPG.rf.b70f185e85e8da621ec29b57e111b447.jpg,31.342708803411227,64.2338207614475,0.8674045988784693
DSC_0225_JPG.rf.5fd35354e8663e0ac27e45ecdad8af7e.jpg,data\train\images\DSC_0225_JPG.rf.5fd35354e8663e0ac27e45ecdad8af7e.jpg,34.30891163533008,62.256921357826826,0.2361172231695913
DSC_0227_JPG.rf.032826183a38e1fe2852a9a8f4ed0497.jpg,data\train\images\DSC_0227_JPG.rf.032826183a38e1fe2852a9a8f4ed0497.jpg,37.973882675224985,58.34049100852528,0.20704560689766766
DSC_0228_JPG.rf.5add081c26c2ef34bef461a5b53f741a.jpg,data\train\images\DSC_0228_JPG.rf.5add081c26c2ef34bef461a5b53f741a.jpg,28.115499281583283,65.71583952736066,0.41981317187346706
DSC_0230_JPG.rf.1bc83c4ebcbb8729b486eb8cbd5b65d3.jpg,data\train\images\DSC_0230_JPG.rf.1bc83c4ebcbb8729b486eb8cbd5b65d3.jpg,38.509332187254785,11.572873139334405,0.8546738029546328
DSC_0232_JPG.rf.575d8c505d97158696d3b0cbede68d93.jpg,data\train\images\DSC_0232_JPG.rf.575d8c505d97158696d3b0cbede68d93.jpg,27.627264810811283,63.66227436879646,0.46771726028848826
DSC_0233_JPG.rf.6c7032284d2b97983421041c248d06ca.jpg,data\train\images\DSC_0233_JPG.rf.6c7032284d2b97983421041c248d06ca.jpg,30.41974137338613,55.346471178044766,0.3125556999892148
DSC_0234_JPG.rf.343527f6354f253a245c869ed0045656.jpg,data\train\images\DSC_0234_JPG.rf.343527f6354f253a245c869ed0045656.jpg,36.24931830801276,56.01075310480357,0.2976104442446783
DSC_0235_JPG.rf.0e91b0959b7401287795454abd898e2b.jpg,data\train\images\DSC_0235_JPG.rf.0e91b0959b7401287795454abd898e2b.jpg,40.559548354777434,63.08395093585452,0.46715942605895017
DSC_0236_JPG.rf.44e73ee8581f29dabb2c2b5852888a0f.jpg,data\train\images\DSC_0236_JPG.rf.44e73ee8581f29dabb2c2b5852888a0f.jpg,40.36105927654873,62.66884832678599,0.4100818964138328
DSC_0238_JPG.rf.220e8b525e9d3111794f9bca715542d8.jpg,data\train\images\DSC_0238_JPG.rf.220e8b525e9d3111794f9bca715542d8.jpg,29.514726591896505,59.15247654878087,0.3671107015192136
DSC_0241_JPG.rf.c288506b5a1708e978a952651f318efb.jpg,data\train\images\DSC_0241_JPG.rf.c288506b5a1708e978a952651f318efb.jpg,23.551449564533613,5.25918343060286,0.9721423194795419
DSC_0242_JPG.rf.a875eef6cddae8e17996a05a8a898509.jpg,data\train\images\DSC_0242_JPG.rf.a875eef6cddae8e17996a05a8a898509.jpg,31.158952967964723,25.92688798377887,0.979905286470134
DSC_0243_JPG.rf.d27ab74c5f3fbb3dfc163aced6a1a072.jpg,data\train\images\DSC_0243_JPG.rf.d27ab74c5f3fbb3dfc163aced6a1a072.jpg,42.29996889387618,37.89598241267615,0.7919582412071756
DSC_0245_JPG.rf.79dcf9399577d8de9841a9f627706c8a.jpg,data\train\images\DSC_0245_JPG.rf.79dcf9399577d8de9841a9f627706c8a.jpg,32.81123294456822,60.831823421778125,0.6655208055481462
DSC_0247_JPG.rf.5d76aa92c124c47774cb7e053091378b.jpg,data\train\images\DSC_0247_JPG.rf.5d76aa92c124c47774cb7e053091378b.jpg,36.88077055972664,29.632804772797243,0.7719955109227763
DSC_0248_JPG.rf.d3fc773671a77c9f8a8b754a0a3f74ad.jpg,data\train\images\DSC_0248_JPG.rf.d3fc773671a77c9f8a8b754a0a3f74ad.jpg,27.293248479113316,57.84013396414477,0.8104252643238732
DSC_0249_JPG.rf.b897bbeee91a8fbd79bc49c6de576da5.jpg,data\train\images\DSC_0249_JPG.rf.b897bbeee91a8fbd79bc49c6de576da5.jpg,31.819801951660992,12.293583047656142,0.9056757756859644
DSC_0252_JPG.rf.1a6ae72438ec6755988461ae48445ee0.jpg,data\train\images\DSC_0252_JPG.rf.1a6ae72438ec6755988461ae48445ee0.jpg,45.311477868825676,30.429391481113015,0.9021414707390317
DSC_0254_JPG.rf.59ad28f9a620417bcdbf3077a87f84fb.jpg,data\train\images\DSC_0254_JPG.rf.59ad28f9a620417bcdbf3077a87f84fb.jpg,40.180860896597295,19.322480842018848,0.8657184760735359
DSC_0256_JPG.rf.d63eb57e6de4e6bd4e4857a53a458d87.jpg,data\train\images\DSC_0256_JPG.rf.d63eb57e6de4e6bd4e4857a53a458d87.jpg,59.211009047023,45.46047694208275,0.8577515069341825
DSC_0257_JPG.rf.df7355fee1048679fc291c278e5df714.jpg,data\train\images\DSC_0257_JPG.rf.df7355fee1048679fc291c278e5df714.jpg,32.31829700768478,18.06992650844333,0.8545918092342852
DSC_0258_JPG.rf.4d3b3e3eafda92a11c1697ac7b5fc911.jpg,data\train\images\DSC_0258_JPG.rf.4d3b3e3eafda92a11c1697ac7b5fc911.jpg,34.759491489023475,13.860657943914902,0.8214833479404031
DSC_0259_JPG.rf.c6ccd3d026912ae9d2c6f595a051e4d8.jpg,data\train\images\DSC_0259_JPG.rf.c6ccd3d026912ae9d2c6f595a051e4d8.jpg,39.454402537765844,22.47010283710071,0.902266320516106
DSC_0260_JPG.rf.05fef9f32e515e5b5566a1b36598b43b.jpg,data\train\images\DSC_0260_JPG.rf.05fef9f32e515e5b5566a1b36598b43b.jpg,38.70165429626988,23.132358153835384,0.8885283995001864
DSC_0263_JPG.rf.4db8353015ddfe8701545cc634057eb7.jpg,data\train\images\DSC_0263_JPG.rf.4db8353015ddfe8701545cc634057eb7.jpg,40.43635142861032,29.536049908557032,0.8666192965538243
DSC_0265_JPG.rf.cc7c729bb03686ceb266e43e934be60d.jpg,data\train\images\DSC_0265_JPG.rf.cc7c729bb03686ceb266e43e934be60d.jpg,32.00517056392684,62.24157322664425,0.7709041121828835
DSC_0267_JPG.rf.1d1d970680ae0c5b6f2a8d08aa677f59.jpg,data\train\images\DSC_0267_JPG.rf.1d1d970680ae0c5b6f2a8d08aa677f59.jpg,37.43874433310131,18.373240506124347,0.10650948231676063
DSC_0270_JPG.rf.15677cbf01aa2348e68ff442320e848c.jpg,data\train\images\DSC_0270_JPG.rf.15677cbf01aa2348e68ff442320e848c.jpg,40.39401648407167,28.741981535232497,0.7096388597094939
DSC_0271_JPG.rf.6846bb6a6ec49f334104b51a205cdb88.jpg,data\train\images\DSC_0271_JPG.rf.6846bb6a6ec49f334104b51a205cdb88.jpg,35.83473186043258,28.755584567581735,0.8246444418296585
DSC_0272_JPG.rf.5d8492c3f326d2795485d9467cdfa9c8.jpg,data\train\images\DSC_0272_JPG.rf.5d8492c3f326d2795485d9467cdfa9c8.jpg,34.87732096586896,26.651663849020878,0.8449011933304644
DSC_0273_JPG.rf.d4a8eae1996d648a323fc68abe950a7e.jpg,data\train\images\DSC_0273_JPG.rf.d4a8eae1996d648a323fc68abe950a7e.jpg,36.23665047217557,27.80149500858883,0.7825394275891109
DSC_0274_JPG.rf.a37805a050f79cfe352973e0d652d44d.jpg,data\train\images\DSC_0274_JPG.rf.a37805a050f79cfe352973e0d652d44d.jpg,39.43455360286154,25.110369411210485,0.670943667965042
DSC_0275_JPG.rf.374e1c492cf2fddd274a0f33ebfa7e0c.jpg,data\train\images\DSC_0275_JPG.rf.374e1c492cf2fddd274a0f33ebfa7e0c.jpg,31.88263738857333,17.81651056473649,0.7883659024782815
DSC_0276_JPG.rf.4653fd08afb99fed354ee67f0187a6af.jpg,data\train\images\DSC_0276_JPG.rf.4653fd08afb99fed354ee67f0187a6af.jpg,46.728451087403954,32.5289087361368,0.9032308918713117
DSC_0279_JPG.rf.7dfeed54c865dc2bbbb094bbfbf4e648.jpg,data\train\images\DSC_0279_JPG.rf.7dfeed54c865dc2bbbb094bbfbf4e648.jpg,33.459515848454174,59.869984266579735,0.23117573350928275
DSC_0283_JPG.rf.e041625b9cd8a8c9623d69cfd69f4238.jpg,data\train\images\DSC_0283_JPG.rf.e041625b9cd8a8c9623d69cfd69f4238.jpg,44.08896619079562,45.77113691965016,0.9252752017343129
DSC_0284_JPG.rf.b34906e0ce5c53ec7c4607405763336b.jpg,data\train\images\DSC_0284_JPG.rf.b34906e0ce5c53ec7c4607405763336b.jpg,37.36318448504264,18.056464319602327,0.7821328705042908
DSC_0285_JPG.rf.ed397b33129629e6e9b15841a0fcbb3d.jpg,data\train\images\DSC_0285_JPG.rf.ed397b33129629e6e9b15841a0fcbb3d.jpg,37.68063829965624,14.63695555971637,0.613225795875545
DSC_0286_JPG.rf.2da705f875c4cb57b370cfaff7ded522.jpg,data\train\images\DSC_0286_JPG.rf.2da705f875c4cb57b370cfaff7ded522.jpg,41.245014985835695,46.15297743857238,0.9657827397312205
DSC_0287_JPG.rf.45f40c4e8b30072838a795b6046ec291.jpg,data\train\images\DSC_0287_JPG.rf.45f40c4e8b30072838a795b6046ec291.jpg,31.41919176587109,19.4379516053302,0.9752473475367132
DSC_0288_JPG.rf.ef503b9935fd9f4fb7a457564fe1e779.jpg,data\train\images\DSC_0288_JPG.rf.ef503b9935fd9f4fb7a457564fe1e779.jpg,40.28129606709328,31.199345972282316,0.6144762434009448
DSC_0290_JPG.rf.690859593ab4028a3b558c755507abd4.jpg,data\train\images\DSC_0290_JPG.rf.690859593ab4028a3b558c755507abd4.jpg,49.05793723485496,34.91431245410669,0.8949420070986684
DSC_0291_JPG.rf.abe6fb2abedd1cf64a0d49da05c4499a.jpg,data\train\images\DSC_0291_JPG.rf.abe6fb2abedd1cf64a0d49da05c4499a.jpg,37.211754423582505,57.82760822874272,0.7044541192230409
DSC_0292_JPG.rf.853b087a437c75653e1adf99813b2497.jpg,data\train\images\DSC_0292_JPG.rf.853b087a437c75653e1adf99813b2497.jpg,43.35474147418128,26.10337247070558,0.6462340497609816
DSC_0294_JPG.rf.d152e84e1f39ad32bc148c950d9217fc.jpg,data\train\images\DSC_0294_JPG.rf.d152e84e1f39ad32bc148c950d9217fc.jpg,25.488326016033824,71.83705637313116,0.9007592154324359
DSC_0297_JPG.rf.e8946c521db34f874920404eadec7b0b.jpg,data\train\images\DSC_0297_JPG.rf.e8946c521db34f874920404eadec7b0b.jpg,35.69861088336185,58.78292443856819,0.7719398151642184
DSC_0298_JPG.rf.b0f52d860c7f9a6d2a61f3f559e44a1d.jpg,data\train\images\DSC_0298_JPG.rf.b0f52d860c7f9a6d2a61f3f559e44a1d.jpg,40.90686570175987,18.379156180447325,0.8992152214633092
DSC_0299_JPG.rf.ac054cd163a35aa8abb70d40ecbd6461.jpg,data\train\images\DSC_0299_JPG.rf.ac054cd163a35aa8abb70d40ecbd6461.jpg,27.4135899155917,63.61389491182419,0.7815162850851703
DSC_0300_JPG.rf.73c881ca423464689fab2a46edb86ae6.jpg,data\train\images\DSC_0300_JPG.rf.73c881ca423464689fab2a46edb86ae6.jpg,42.779512668332785,25.245360367477787,0.5361907986245661
DSC_0301_JPG.rf.e281dd33e3b0a69d057ce285b6979fd1.jpg,data\train\images\DSC_0301_JPG.rf.e281dd33e3b0a69d057ce285b6979fd1.jpg,46.705063994140545,36.373784964529335,0.5300211970371782
DSC_0302_JPG.rf.069900e89960da648401f21b05e04e6e.jpg,data\train\images\DSC_0302_JPG.rf.069900e89960da648401f21b05e04e6e.jpg,50.45626855226939,37.9195126191332,0.9455307991111328
DSC_0303_JPG.rf.f5d5da86f10b829a76b13fcf9f6f2fa3.jpg,data\train\images\DSC_0303_JPG.rf.f5d5da86f10b829a76b13fcf9f6f2fa3.jpg,36.22592804962753,10.862153557112805,0.9504935547953901
DSC_0323_JPG.rf.67b9e35994b9fbfb256049eb5a5c1e40.jpg,data\train\images\DSC_0323_JPG.rf.67b9e35994b9fbfb256049eb5a5c1e40.jpg,40.28278078978539,26.07055445497346,0.8888442597915542
DSC_0325_JPG.rf.d2ba0d39f85f47264f7236adf816448e.jpg,data\train\images\DSC_0325_JPG.rf.d2ba0d39f85f47264f7236adf816448e.jpg,48.042539799481546,33.825518715466586,0.9165853437124117
DSC_0326_JPG.rf.0c1a3f9cc252805fbb5e6643911aab23.jpg,data\train\images\DSC_0326_JPG.rf.0c1a3f9cc252805fbb5e6643911aab23.jpg,40.24237213874832,23.37325584750417,0.6101971331292381
DSC_0327_JPG.rf.c2b5578c5779da858f4fb8917e2df3c6.jpg,data\train\images\DSC_0327_JPG.rf.c2b5578c5779da858f4fb8917e2df3c6.jpg,37.50093924208463,19.663493788216073,0.10350434700912764
DSC_0349_JPG.rf.af7c50210c0a2088812778253bae8af9.jpg,data\train\images\DSC_0349_JPG.rf.af7c50210c0a2088812778253bae8af9.jpg,40.34619853224078,24.985970239524903,0.916519401380052
DSC_0350_JPG.rf.2e382066592cc3aa299d3c0b74ae65d6.jpg,data\train\images\DSC_0350_JPG.rf.2e382066592cc3aa299d3c0b74ae65d6.jpg,38.81698857746514,18.948566518545448,0.7821419281609875
DSC_0351_JPG.rf.f04f314c3d0a523c6b548a77a8317634.jpg,data\train\images\DSC_0351_JPG.rf.f04f314c3d0a523c6b548a77a8317634.jpg,37.717367199031486,15.97594721608013,0.7816632453334607
DSC_0352_JPG.rf.20769d6b071d2b8ef6418f01d9659daf.jpg,data\train\images\DSC_0352_JPG.rf.20769d6b071d2b8ef6418f01d9659daf.jpg,54.21060266130891,43.810539977391926,0.24948573402634927
DSC_0360_JPG.rf.ffc3aba5b0c6364f21e757ef637d89a1.jpg,data\train\images\DSC_0360_JPG.rf.ffc3aba5b0c6364f21e757ef637d89a1.jpg,29.246348477324062,63.789430374573925,0.6233987519218595
DSC_0362_JPG.rf.ea7d2aaa5a58d849127883c4eefdfed5.jpg,data\train\images\DSC_0362_JPG.rf.ea7d2aaa5a58d849127883c4eefdfed5.jpg,39.95937245208253,33.23500680747813,0.9401982422783901
DSC_0363_JPG.rf.f2ec393c1c1c6f850ee356f44535af17.jpg,data\train\images\DSC_0363_JPG.rf.f2ec393c1c1c6f850ee356f44535af17.jpg,23.20630463988138,69.29822859365069,0.7594488558209328
DSC_0372_JPG.rf.1cda87fe88e21f78f2a6d7061fe6d9ae.jpg,data\train\images\DSC_0372_JPG.rf.1cda87fe88e21f78f2a6d7061fe6d9ae.jpg,36.94304433011504,18.436702863472163,0.9486240725900267
DSC_0373_JPG.rf.ee27cb088bc59e437dcc6accad14d408.jpg,data\train\images\DSC_0373_JPG.rf.ee27cb088bc59e437dcc6accad14d408.jpg,36.826576469493574,22.505434236067885,0.9272245284084492
